#"0019940610","1994/06/10 00_00_00",1,"Speed"
#"0019940910","1994/09/10 00_00_00",1,"The Shawshank Redemption"
#"0019940923","1994/09/23 00_00_00",1,"Pulp Fiction"
#"0019950816","1995/08/16 00_00_00",1,"The Usual Suspects"
#"0019950922","1995/09/22 00_00_00",1,"Seven"
#"0020031008","2003/10/08 00_00_00",1,"Mystic River"
#"0020110610","2011/06/10 00_00_00",1,"Super 8"

"0020090801","2009/08/01 00_00_00",1,"サマーウォーズ -SUMMER WARS-"
#"0020060715","2006/07/15 00_00_00",1,"時をかける少女"
#"0020110720","2011/07/20 00_00_00",1,"鋼の錬金術師 嘆きの丘の聖なる星"

#"010119990331","1999/03/31 00_00_00",1,"The Matrix"
#"010220030515","2003/05/15 00_00_00",1,"The Matrix Reloaded"
#"010320031105","2003/11/05 00_00_00",1,"The Matrix Revolutions"

#"020620090715","2009/07/15 00_00_00",1,"Harry Potter and the Half-Blood Prince"
#"020720101119","2010/11/19 00_00_00",1,"Harry Potter and the Deathly Hallows PART 1"
#"020820110715","2011/07/15 00_00_00",1,"Harry Potter and the Deathly Hallows PART 2"

#"030119960522","1996/05/22 00_00_00",1,"Mission: Impossible"
#"030220000524","2000/05/24 00_00_00",1,"Mission: Impossible II"
#"030320060505","2006/05/05 00_00_00",1,"Mission: Impossible III"
#"030420111216","2011/12/16 00_00_00",1,"Mission: Impossible - Ghost Protocol"

#"040220090620","2009/06/20 00_00_00",1,"Transformers: Revenge of the Fallen"
#"040320110729","2011/07/29 00_00_00",1,"Transformers: Dark of the Moon"

#"050420110520","2011/05/20 00_00_00",1,"Pirates of the Caribbean: On Stranger Tides"

#"090220080718","2008/07/18 00_00_00",1,"The Dark Knight"

#"100119860802","1986/08/02 00_00_00",1,"天空の城ラピュタ"
#"101320041120","2004/11/20 00_00_00",1,"ハウルの動く城"
#"101620100717","2010/07/17 00_00_00",1,"借りぐらしのアリエッティ"
#"101720110716","2011/07/16 00_00_00",1,"コクリコ坂から 横浜特別版"

#"110120070901","2007/09/01 00_00_00",1,"ヱヴァンゲリヲン新劇場版:序 EVANGELION:1.11 YOU ARE (NOT) ALONE."
#"110220090627","2009/06/27 00_00_00",1,"ヱヴァンゲリヲン新劇場版:破 EVANGELION:2.22 YOU CAN (NOT) ADVANCE."

#"121320090418","2009/04/18 00_00_00",1,"劇場版 名探偵コナン 漆黒の追跡者 (#13)"
#"121520110416","2011/04/16 00_00_00",1,"劇場版 名探偵コナン 沈黙の15分 (#15)"
#"121620120414","2012/04/14 00_00_00",1,"劇場版 名探偵コナン 11人目のストライカー (#16)"

#"0120080830","2008/08/30 00_00_00",2,"20世紀少年 第1章 終わりの始まり"
#"0220090131","2009/01/31 00_00_00",2,"20世紀少年 第2章 最後の希望"
#"0320090829","2009/08/29 00_00_00",2,"20世紀少年 最終章 ぼくらの旗"
#"0620091023","2009/10/23 00_00_00",2,"Saw VI"
#"0720101029","2010/10/29 00_00_00",2,"Saw 3D: The Final Chapter"
#"0120091225","2009/12/25 00_00_00",2,"Sherlock Holmes"
#"0220111216","2011/12/16 00_00_00",2,"Sherlock Holmes: Game of Shadows"
#"0120071014","2007/10/14 00_00_00",2,"Paranormal Activity"
#"0020100320","2010/03/20 00_00_00",2,"TEKKEN -鉄拳-"
#"1320020420","2002/04/20 00_00_00",2,"クレヨンしんちゃん 嵐を呼ぶ アッパレ!戦国大合戦 (#10)"
#"0020120211","2012/02/11 00_00_00",2,"逆転裁判"
#"0020100605","2010/06/05 00_00_00",2,"告白"
#"0019871121","1987/11/21 00_00_00",2,"私をスキーに連れてって"
#"0320100703","2010/07/03 00_00_00",2,"踊る大捜査線 THE MOVIE3 ヤツらを解放せよ!"
#"0020120128","2012/01/28 00_00_00",2,"麒麟の翼"
#"0220110526","2011/05/26 00_00_00",2,"Kung Fu Panda 2"
#"0020101124","2010/11/24 00_00_00",2,"Tangled"
#
#"101","2005/10/01 00_00_00",1,"蟲師 #101 『緑の座』"
#"102","2005/10/01 00_00_00",1,"蟲師 #102 『瞼の光』"
#"103","2005/10/01 00_00_00",1,"蟲師 #103 『柔らかい角』"
#"104","2005/10/01 00_00_00",1,"蟲師 #104 『枕小路』"
#"105","2005/10/01 00_00_00",1,"蟲師 #105 『旅をする沼』"
#"106","2005/10/01 00_00_00",1,"蟲師 #106 『露を吸う群』"
#"107","2005/10/01 00_00_00",1,"蟲師 #107 『雨がくる虹がたつ』"
#"108","2005/10/01 00_00_00",1,"蟲師 #108 『海境より』"
#"109","2005/10/01 00_00_00",1,"蟲師 #109 『重い実』"
#"110","2005/10/01 00_00_00",1,"蟲師 #110 『硯に棲む白』"
#"111","2005/10/01 00_00_00",1,"蟲師 #111 『やまねむる』"
#"112","2005/10/01 00_00_00",1,"蟲師 #112 『眇の魚』"
#"113","2005/10/01 00_00_00",1,"蟲師 #113 『一夜橋』"
#"114","2005/10/01 00_00_00",1,"蟲師 #114 『籠のなか』"
#"115","2005/10/01 00_00_00",1,"蟲師 #115 『春と嘯く』"
#"116","2005/10/01 00_00_00",1,"蟲師 #116 『暁の蛇』"
#"117","2005/10/01 00_00_00",1,"蟲師 #117 『虚繭取り』"
#"118","2005/10/01 00_00_00",1,"蟲師 #118 『山抱く衣』"
#"119","2005/10/01 00_00_00",1,"蟲師 #119 『天辺の糸』"
#"120","2005/10/01 00_00_00",1,"蟲師 #120 『筆の海』"
#"121","2005/10/01 00_00_00",1,"蟲師 #121 『綿胞子』"
#"122","2005/10/01 00_00_00",1,"蟲師 #122 『沖つ宮』"
#"123","2005/10/01 00_00_00",1,"蟲師 #123 『錆の鳴く聲』"
#"124","2005/10/01 00_00_00",1,"蟲師 #124 『篝野行』"
#"125","2005/10/01 00_00_00",1,"蟲師 #125 『眼福眼禍』"
#"126","2005/10/01 00_00_00",1,"蟲師 #126 『草を踏む音』"


#"001","1997/04/07 00_00_00",2,"金田一少年の事件簿 #001 「学園七不思議殺人事件」ファイル1"
#"002","1997/04/14 00_00_00",2,"金田一少年の事件簿 #002 「学園七不思議殺人事件」ファイル2"
#"003","1997/04/21 00_00_00",2,"金田一少年の事件簿 #003 「学園七不思議殺人事件」ファイル3"
#"004","1997/04/28 00_00_00",2,"金田一少年の事件簿 #004 「悲恋湖伝説殺人事件」ファイル1"
#"005","1997/05/05 00_00_00",2,"金田一少年の事件簿 #005 「悲恋湖伝説殺人事件」ファイル2"
#"006","1997/05/12 00_00_00",2,"金田一少年の事件簿 #006 「悲恋湖伝説殺人事件」ファイル3"
#"007","1997/05/19 00_00_00",2,"金田一少年の事件簿 #007 「蝋人形城殺人事件」ファイル1"
#"008","1997/05/26 00_00_00",2,"金田一少年の事件簿 #008 「蝋人形城殺人事件」ファイル2"
#"009","1997/06/02 00_00_00",2,"金田一少年の事件簿 #009 「蝋人形城殺人事件」ファイル3"
#"010","1997/06/09 00_00_00",2,"金田一少年の事件簿 #010 「怪盗紳士の殺人」ファイル1"
#"011","1997/06/16 00_00_00",2,"金田一少年の事件簿 #011 「怪盗紳士の殺人」ファイル2"
#"012","1997/06/23 00_00_00",2,"金田一少年の事件簿 #012 「怪盗紳士の殺人」ファイル3"
#"013","1997/06/30 00_00_00",2,"金田一少年の事件簿 #013 「悲報島殺人事件」ファイル1"
#"014","1997/07/07 00_00_00",2,"金田一少年の事件簿 #014 「悲報島殺人事件」ファイル2"
#"015","1997/07/14 00_00_00",2,"金田一少年の事件簿 #015 「悲報島殺人事件」ファイル3"
#"016","1997/07/21 00_00_00",2,"金田一少年の事件簿 #016 「悪魔組曲殺人事件」ファイル1"
#"017","1997/07/28 00_00_00",2,"金田一少年の事件簿 #017 「悪魔組曲殺人事件」ファイル2"
#"018","1997/08/04 00_00_00",2,"金田一少年の事件簿 #018 「飛騨からくり屋敷殺人事件」ファイル1"
#"019","1997/08/11 00_00_00",2,"金田一少年の事件簿 #019 「飛騨からくり屋敷殺人事件」ファイル2"
#"020","1997/08/18 00_00_00",2,"金田一少年の事件簿 #020 「飛騨からくり屋敷殺人事件」ファイル3"
#"021","1997/08/25 00_00_00",2,"金田一少年の事件簿 #021 「オペラ座館殺人事件」ファイル1"
#"022","1997/09/01 00_00_00",2,"金田一少年の事件簿 #022 「オペラ座館殺人事件」ファイル2"
#"023","1997/09/08 00_00_00",2,"金田一少年の事件簿 #023 「オペラ座館殺人事件」ファイル3"

#"023.5","1997/10/13 00_00_00",2,"金田一少年の事件簿 #SP 「死神病院殺人事件」ファイル3"

#"024","1997/10/20 00_00_00",2,"金田一少年の事件簿 #024 「金田一少年の殺人」ファイル1"
#"025","1997/10/27 00_00_00",2,"金田一少年の事件簿 #025 「金田一少年の殺人」ファイル2"
#"026","1997/11/03 00_00_00",2,"金田一少年の事件簿 #026 「金田一少年の殺人」ファイル3"
#"027","1997/11/10 00_00_00",2,"金田一少年の事件簿 #027 「金田一少年の殺人」ファイル4"
#"028","1997/11/17 00_00_00",2,"金田一少年の事件簿 #028 「幽霊客船殺人事件」ファイル1"
#"029","1997/11/24 00_00_00",2,"金田一少年の事件簿 #029 「幽霊客船殺人事件」ファイル2"
#"030","1997/12/01 00_00_00",2,"金田一少年の事件簿 #030 「幽霊客船殺人事件」ファイル3"
#"031","1997/12/08 00_00_00",2,"金田一少年の事件簿 #031 「幽霊客船殺人事件」ファイル4"
#"032","1997/12/15 00_00_00",2,"金田一少年の事件簿 #032 「氷点下15度の殺意」"
#"033","1998/01/12 00_00_00",2,"金田一少年の事件簿 #033 「魔術列車殺人事件」ファイル1"
#"034","1998/01/19 00_00_00",2,"金田一少年の事件簿 #034 「魔術列車殺人事件」ファイル2"
#"035","1998/01/26 00_00_00",2,"金田一少年の事件簿 #035 「魔術列車殺人事件」ファイル3"
#"036","1998/02/02 00_00_00",2,"金田一少年の事件簿 #036 「魔術列車殺人事件」ファイル4"
#"037","1998/02/09 00_00_00",2,"金田一少年の事件簿 #037 「雪夜叉伝説殺人事件」ファイル1"
#"038","1998/02/16 00_00_00",2,"金田一少年の事件簿 #038 「雪夜叉伝説殺人事件」ファイル2"
#"039","1998/02/23 00_00_00",2,"金田一少年の事件簿 #039 「雪夜叉伝説殺人事件」ファイル3"
#"040","1998/03/02 00_00_00",2,"金田一少年の事件簿 #040 「タロット山荘殺人事件」ファイル1"
#"041","1998/03/09 00_00_00",2,"金田一少年の事件簿 #041 「タロット山荘殺人事件」ファイル2"
#"042","1998/03/16 00_00_00",2,"金田一少年の事件簿 #042 「タロット山荘殺人事件」ファイル3"
#"043","1998/04/13 00_00_00",2,"金田一少年の事件簿 #043 「黒死蝶殺人事件」ファイル1"
#"044","1998/04/20 00_00_00",2,"金田一少年の事件簿 #044 「黒死蝶殺人事件」ファイル2"
#"045","1998/04/27 00_00_00",2,"金田一少年の事件簿 #045 「黒死蝶殺人事件」ファイル3"
#"046","1998/05/11 00_00_00",2,"金田一少年の事件簿 #046 「黒死蝶殺人事件」ファイル4"
#"047","1998/05/18 00_00_00",2,"金田一少年の事件簿 #047 「速水玲香誘拐殺人事件」ファイル1"
#"048","1998/05/25 00_00_00",2,"金田一少年の事件簿 #048 「速水玲香誘拐殺人事件」ファイル2"
#"049","1998/06/01 00_00_00",2,"金田一少年の事件簿 #049 「速水玲香誘拐殺人事件」ファイル3"
#"050","1998/06/08 00_00_00",2,"金田一少年の事件簿 #050 「速水玲香誘拐殺人事件」ファイル4"
#"051","1998/06/15 00_00_00",2,"金田一少年の事件簿 #051 「仏蘭西銀貨殺人事件」ファイル1"
#"052","1998/06/22 00_00_00",2,"金田一少年の事件簿 #052 「仏蘭西銀貨殺人事件」ファイル2"
#"053","1998/06/29 00_00_00",2,"金田一少年の事件簿 #053 「仏蘭西銀貨殺人事件」ファイル3"
#"054","1998/07/06 00_00_00",2,"金田一少年の事件簿 #054 「仏蘭西銀貨殺人事件」ファイル4"
#"055","1998/07/13 00_00_00",2,"金田一少年の事件簿 #055 「誰が女神を殺したか?」"
#"056","1998/07/27 00_00_00",2,"金田一少年の事件簿 #056 「魔神遺跡殺人事件」ファイル1"
#"057","1998/08/03 00_00_00",2,"金田一少年の事件簿 #057 「魔神遺跡殺人事件」ファイル2"
#"058","1998/08/10 00_00_00",2,"金田一少年の事件簿 #058 「魔神遺跡殺人事件」ファイル3"
#"059","1998/08/17 00_00_00",2,"金田一少年の事件簿 #059 「魔神遺跡殺人事件」ファイル4"
#"060","1998/08/24 00_00_00",2,"金田一少年の事件簿 #060 「墓場島殺人事件」ファイル1"
#"061","1998/08/31 00_00_00",2,"金田一少年の事件簿 #061 「墓場島殺人事件」ファイル2"
#"062","1998/09/07 00_00_00",2,"金田一少年の事件簿 #062 「墓場島殺人事件」ファイル3"
#"063","1998/09/14 00_00_00",2,"金田一少年の事件簿 #063 「明智警視の華麗なる推理」"
#"064","1998/10/12 00_00_00",2,"金田一少年の事件簿 #064 「鬼火島殺人事件」ファイル1"
#"065","1998/10/19 00_00_00",2,"金田一少年の事件簿 #065 「鬼火島殺人事件」ファイル2"
#"066","1998/10/26 00_00_00",2,"金田一少年の事件簿 #066 「鬼火島殺人事件」ファイル3"
#"067","1998/11/02 00_00_00",2,"金田一少年の事件簿 #067 「鬼火島殺人事件」ファイル4"
#"068","1998/11/09 00_00_00",2,"金田一少年の事件簿 #068 「剣持警部の秘密」ファイル1"
#"069","1998/11/16 00_00_00",2,"金田一少年の事件簿 #069 「剣持警部の秘密」ファイル2"
#"070","1998/11/23 00_00_00",2,"金田一少年の事件簿 #070 「異人館ホテル殺人事件」ファイル1"
#"071","1998/11/30 00_00_00",2,"金田一少年の事件簿 #071 「異人館ホテル殺人事件」ファイル2"
#"072","1998/12/07 00_00_00",2,"金田一少年の事件簿 #072 「異人館ホテル殺人事件」ファイル3"
#"073","1998/12/14 00_00_00",2,"金田一少年の事件簿 #073 「異人館ホテル殺人事件」ファイル4"
#"074","1999/01/11 00_00_00",2,"金田一少年の事件簿 #074 「電脳山荘殺人事件」ファイル1"
#"075","1999/01/18 00_00_00",2,"金田一少年の事件簿 #075 「電脳山荘殺人事件」ファイル2"
#"076","1999/01/25 00_00_00",2,"金田一少年の事件簿 #076 「電脳山荘殺人事件」ファイル3"
#"077","1999/02/01 00_00_00",2,"金田一少年の事件簿 #077 「電脳山荘殺人事件」ファイル4"
#"078","1999/02/08 00_00_00",2,"金田一少年の事件簿 #078 「聖バレンタインの殺人」ファイル1"
#"079","1999/02/15 00_00_00",2,"金田一少年の事件簿 #079 「聖バレンタインの殺人」ファイル2"
#"080","1999/02/22 00_00_00",2,"金田一少年の事件簿 #080 「聖バレンタインの殺人」ファイル3"
#"081","1999/03/01 00_00_00",2,"金田一少年の事件簿 #081 金田一フミの可憐な活躍!「フミの誘拐事件」"
#"082","1999/03/08 00_00_00",2,"金田一少年の事件簿 #082 金田一フミの可憐な活躍!「鏡迷宮の殺人」"
#"083","1999/03/15 00_00_00",2,"金田一少年の事件簿 #083 「明智警視の華麗なる推理」その2"
#"084","1999/04/12 00_00_00",2,"金田一少年の事件簿 #084 「銀幕の殺人鬼」ファイル1"
#"085","1999/04/19 00_00_00",2,"金田一少年の事件簿 #085 「銀幕の殺人鬼」ファイル2"
#"086","1999/04/26 00_00_00",2,"金田一少年の事件簿 #086 「銀幕の殺人鬼」ファイル3"
#"087","1999/05/03 00_00_00",2,"金田一少年の事件簿 #087 「銀幕の殺人鬼」ファイル4"
#"088","1999/05/10 00_00_00",2,"金田一少年の事件簿 #088 「明智少年の華麗なる挑戦」ファイル1"
#"089","1999/05/17 00_00_00",2,"金田一少年の事件簿 #089 「明智少年の華麗なる挑戦」ファイル2"
#"090","1999/05/24 00_00_00",2,"金田一少年の事件簿 #090 「上海魚人伝説殺人事件」ファイル1"
#"091","1999/05/31 00_00_00",2,"金田一少年の事件簿 #091 「上海魚人伝説殺人事件」ファイル2"
#"092","1999/06/07 00_00_00",2,"金田一少年の事件簿 #092 「上海魚人伝説殺人事件」ファイル3"
#"093","1999/06/21 00_00_00",2,"金田一少年の事件簿 #093 「上海魚人伝説殺人事件」ファイル4"
#"094","1999/06/28 00_00_00",2,"金田一少年の事件簿 #094 金田一フミの可憐な活躍!「鵜飼村殺人事件」"
#"095","1999/07/05 00_00_00",2,"金田一少年の事件簿 #095 「天草財宝伝説殺人事件」ファイル1"
#"096","1999/07/12 00_00_00",2,"金田一少年の事件簿 #096 「天草財宝伝説殺人事件」ファイル2"
#"097","1999/07/19 00_00_00",2,"金田一少年の事件簿 #097 「天草財宝伝説殺人事件」ファイル3"
#"098","1999/07/26 00_00_00",2,"金田一少年の事件簿 #098 「天草財宝伝説殺人事件」ファイル4"
#"099","1999/08/02 00_00_00",2,"金田一少年の事件簿 #099 「天草財宝伝説殺人事件」ファイル5"
#"100","1999/08/09 00_00_00",2,"金田一少年の事件簿 #100 「真夏の悪夢殺人事件」"
#"101","1999/08/16 00_00_00",2,"金田一少年の事件簿 #101 「雷祭殺人事件」ファイル1"
#"102","1999/08/23 00_00_00",2,"金田一少年の事件簿 #102 「雷祭殺人事件」ファイル2"
#"103","1999/09/06 00_00_00",2,"金田一少年の事件簿 #103 「雷祭殺人事件」ファイル3"
#"104","1999/09/13 00_00_00",2,"金田一少年の事件簿 #104 「殺意のレストラン」"
#"105","1999/09/20 00_00_00",2,"金田一少年の事件簿 #105 「魔犬の森の殺人」ファイル1"
#"106","1999/10/11 00_00_00",2,"金田一少年の事件簿 #106 「魔犬の森の殺人」ファイル2"
#"107","1999/10/18 00_00_00",2,"金田一少年の事件簿 #107 「魔犬の森の殺人」ファイル3"
#"108","1999/10/25 00_00_00",2,"金田一少年の事件簿 #108 「魔犬の森の殺人」ファイル4"
#"109","1999/11/01 00_00_00",2,"金田一少年の事件簿 #109 「明智少年の華麗なる協奏曲」ファイル1"
#"110","1999/11/08 00_00_00",2,"金田一少年の事件簿 #110 「明智少年の華麗なる協奏曲」ファイル2"
#"111","1999/11/15 00_00_00",2,"金田一少年の事件簿 #111 「雪影村殺人事件」ファイル1"
#"112","1999/11/22 00_00_00",2,"金田一少年の事件簿 #112 「雪影村殺人事件」ファイル2"
#"113","1999/11/29 00_00_00",2,"金田一少年の事件簿 #113 「雪影村殺人事件」ファイル3"
#"114","1999/12/06 00_00_00",2,"金田一少年の事件簿 #114 「雪影村殺人事件」ファイル4"
#"115","1999/12/13 00_00_00",2,"金田一少年の事件簿 #115 金田一フミの可憐な活躍!「白銀に消えた身代金」"
#"116","1999/12/20 00_00_00",2,"金田一少年の事件簿 #116 「迷い込んできた悪魔」"
#"117","2000/01/10 00_00_00",2,"金田一少年の事件簿 #117 「嘆きの鬼伝説殺人事件」ファイル1"
#"118","2000/01/17 00_00_00",2,"金田一少年の事件簿 #118 「嘆きの鬼伝説殺人事件」ファイル2"
#"119","2000/01/24 00_00_00",2,"金田一少年の事件簿 #119 「嘆きの鬼伝説殺人事件」ファイル3"
#"120","2000/01/31 00_00_00",2,"金田一少年の事件簿 #120 「明智少年の華麗なる剣技」ファイル1"
#"121","2000/02/07 00_00_00",2,"金田一少年の事件簿 #121 「明智少年の華麗なる剣技」ファイル2"
#"122","2000/02/14 00_00_00",2,"金田一少年の事件簿 #122 「亡霊学校殺人事件」ファイル1"
#"123","2000/02/21 00_00_00",2,"金田一少年の事件簿 #123 「亡霊学校殺人事件」ファイル2"
#"124","2000/02/28 00_00_00",2,"金田一少年の事件簿 #124 「亡霊学校殺人事件」ファイル3"
#"125","2000/03/06 00_00_00",2,"金田一少年の事件簿 #125 「瞬間消失の謎」"
#"126","2000/04/10 00_00_00",2,"金田一少年の事件簿 #126 「殺戮のディープブルー」ファイル1"
#"127","2000/04/17 00_00_00",2,"金田一少年の事件簿 #127 「殺戮のディープブルー」ファイル2"
#"128","2000/04/24 00_00_00",2,"金田一少年の事件簿 #128 「殺戮のディープブルー」ファイル3"
#"129","2000/05/01 00_00_00",2,"金田一少年の事件簿 #129 「殺戮のディープブルー」ファイル4"
#"130","2000/05/08 00_00_00",2,"金田一少年の事件簿 #130 「殺戮のディープブルー」ファイル5"
#"131","2000/05/15 00_00_00",2,"金田一少年の事件簿 #131 「フィルムの中のアリバイ」"
#"132","2000/05/22 00_00_00",2,"金田一少年の事件簿 #132 「出雲神話殺人事件」ファイル1"
#"133","2000/05/29 00_00_00",2,"金田一少年の事件簿 #133 「出雲神話殺人事件」ファイル2"
#"134","2000/06/05 00_00_00",2,"金田一少年の事件簿 #134 「出雲神話殺人事件」ファイル3"
#"135","2000/06/12 00_00_00",2,"金田一少年の事件簿 #135 「出雲神話殺人事件」ファイル4"
#"136","2000/06/19 00_00_00",2,"金田一少年の事件簿 #136 「明智警視の華麗なる推理 IN LAS VEGAS」ファイル1"
#"137","2000/06/26 00_00_00",2,"金田一少年の事件簿 #137 「明智警視の華麗なる推理 IN LAS VEGAS」ファイル2"
#"138","2000/07/03 00_00_00",2,"金田一少年の事件簿 #138 「逆転不可能!七瀬美雪の殺人容疑」"
#"139","2000/07/10 00_00_00",2,"金田一少年の事件簿 #139 「露西亜人形殺人事件」ファイル1"
#"140","2000/07/17 00_00_00",2,"金田一少年の事件簿 #140 「露西亜人形殺人事件」ファイル2"
#"141","2000/07/24 00_00_00",2,"金田一少年の事件簿 #141 「露西亜人形殺人事件」ファイル3"
#"142","2000/07/31 00_00_00",2,"金田一少年の事件簿 #142 「露西亜人形殺人事件」ファイル4"
#"143","2000/08/07 00_00_00",2,"金田一少年の事件簿 #143 「露西亜人形殺人事件」ファイル5"
#"144","2000/08/14 00_00_00",2,"金田一少年の事件簿 #144 「怪盗紳士からの挑戦状」"
#"145","2000/08/21 00_00_00",2,"金田一少年の事件簿 #145 「怪奇サーカスの殺人」ファイル1"
#"146","2000/08/28 00_00_00",2,"金田一少年の事件簿 #146 「怪奇サーカスの殺人」ファイル2"
#"147","2000/09/04 00_00_00",2,"金田一少年の事件簿 #147 「怪奇サーカスの殺人」ファイル3"
#"148","2000/09/11 00_00_00",2,"金田一少年の事件簿 #148 「怪奇サーカスの殺人」ファイル4"

#"101","1998/04/01 00_00_00",2,"頭文字 D #101 『究極のとうふ屋ドリフト』"
#"102","1998/04/01 00_00_00",2,"頭文字 D #102 『リベンジ宣言!ほえるターボ』"
#"103","1998/04/01 00_00_00",2,"頭文字 D #103 『ダウンヒルスペシャリスト登場』"
#"104","1998/04/01 00_00_00",2,"頭文字 D #104 『交流戦突入!』"
#"105","1998/04/01 00_00_00",2,"頭文字 D #105 『決着!ドッグファイト!』"
#"106","1998/04/01 00_00_00",2,"頭文字 D #106 『新たなる挑戦者』"
#"107","1998/04/01 00_00_00",2,"頭文字 D #107 『走り屋のプライド』"
#"108","1998/04/01 00_00_00",2,"頭文字 D #108 『タイムアップ寸前!』"
#"109","1998/04/01 00_00_00",2,"頭文字 D #109 『限界バトル!ハチロク VS GT-R』"
#"110","1998/04/01 00_00_00",2,"頭文字 D #110 『爆裂!5連ヘアピン』"
#"111","1998/04/01 00_00_00",2,"頭文字 D #111 『デンジャラス慎吾登場!』"
#"112","1998/04/01 00_00_00",2,"頭文字 D #112 『FR殺しのデスマッチ!』"
#"113","1998/04/01 00_00_00",2,"頭文字 D #113 『イツキの初デート』"
#"114","1998/04/01 00_00_00",2,"頭文字 D #114 『進化するドリフトの天才!』"
#"115","1998/04/01 00_00_00",2,"頭文字 D #115 『拓海・怒涛の激走!』"
#"116","1998/04/01 00_00_00",2,"頭文字 D #116 『碓氷峠のエンジェル』"
#"117","1998/04/01 00_00_00",2,"頭文字 D #117 『サドンデス・デスマッチ』"
#"118","1998/04/01 00_00_00",2,"頭文字 D #118 『熱風!激走!碓氷峠』"
#"119","1998/04/01 00_00_00",2,"頭文字 D #119 『決着!スーパードリフト』"
#"120","1998/04/01 00_00_00",2,"頭文字 D #120 『ジ・エンド・オブ・サマー』"
#"121","1998/04/01 00_00_00",2,"頭文字 D #121 『スーパースターからの挑戦状』"
#"122","1998/04/01 00_00_00",2,"頭文字 D #122 『激闘!ヒルクライム』"
#"123","1998/04/01 00_00_00",2,"頭文字 D #123 『雨のダウンヒルバトル』"
#"124","1998/04/01 00_00_00",2,"頭文字 D #124 『赤城の白い彗星!』"
#"125","1998/04/01 00_00_00",2,"頭文字 D #125 『決戦!ラストバトル』"
#"126","1998/04/01 00_00_00",2,"頭文字 D #126 『新ダウンヒル伝説!』"
#"201","1999/03/31 00_00_00",2,"頭文字 D #201 『掟やぶりのスーパーウェポン!』"
#"202","1999/03/31 00_00_00",2,"頭文字 D #202 『ランエボ軍団、秋名出撃!』"
#"203","1999/03/31 00_00_00",2,"頭文字 D #203 『敗北の予感』"
#"204","1999/03/31 00_00_00",2,"頭文字 D #204 『燃えない勝利』"
#"205","1999/03/31 00_00_00",2,"頭文字 D #205 『破滅へのカウントダウン』"
#"206","1999/03/31 00_00_00",2,"頭文字 D #206 『さようならハチロク』"
#"207","1999/03/31 00_00_00",2,"頭文字 D #207 『赤城バトル 白と黒の閃光!』"
#"208","1999/03/31 00_00_00",2,"頭文字 D #208 『そのクルマ 凶暴につき』"
#"209","1999/03/31 00_00_00",2,"頭文字 D #209 『ニューハチロク誕生』"
#"210","1999/03/31 00_00_00",2,"頭文字 D #210 『宣戦布告ハチロクターボ!』"
#"211","1999/03/31 00_00_00",2,"頭文字 D #211 『封印は解き放たれた』"
#"212","1999/03/31 00_00_00",2,"頭文字 D #212 『ハチロク VS ハチロク 魂のバトル』"
#"213","1999/03/31 00_00_00",2,"頭文字 D #213 『移りゆく季節の中で』"
#"300","2001/01/13 00_00_00",2,"頭文字 D #300 Third Stage -INITIAL D THE MOVIE-"
#"401","2004/04/17 00_00_00",2,"頭文字 D #401 『プロジェクトD』"
#"402","2004/04/17 00_00_00",2,"頭文字 D #402 『全開!ダウンヒルバトル』"
#"403","2004/04/17 00_00_00",2,"頭文字 D #403 『東堂塾最強の男』"
#"404","2004/04/17 00_00_00",2,"頭文字 D #404 『二つのアドバイス』"
#"405","2004/04/17 00_00_00",2,"頭文字 D #405 『勝利へのスタートライン』"
#"406","2004/04/17 00_00_00",2,"頭文字 D #406 『ブラインド・アタック』"
#"407","2004/04/17 00_00_00",2,"頭文字 D #407 『嵐のハチゴーターボ』"
#"408","2004/04/17 00_00_00",2,"頭文字 D #408 『運命のFDバトル』"
#"409","2004/04/17 00_00_00",2,"頭文字 D #409 『恭子の告白』"
#"410","2004/04/17 00_00_00",2,"頭文字 D #410 『埼玉エリア最終兵器』"
#"411","2004/04/17 00_00_00",2,"頭文字 D #411 『雨のダウンヒルバトル』"
#"412","2004/04/17 00_00_00",2,"頭文字 D #412 『葛藤のストレート』"
#"413","2004/04/17 00_00_00",2,"頭文字 D #413 『モチベーション』"
#"414","2004/04/17 00_00_00",2,"頭文字 D #414 『悲しきロンリードライバー』"
#"415","2004/04/17 00_00_00",2,"頭文字 D #415 『4WDコンプレックス』"
#"416","2004/04/17 00_00_00",2,"頭文字 D #416 『怒りのヒル・クライム』"
#"417","2004/04/17 00_00_00",2,"頭文字 D #417 『埼玉エリア最終決戦』"
#"419","2004/04/17 00_00_00",2,"頭文字 D #419 『ゴッドフットとゴッドアーム』"
#"420","2004/04/17 00_00_00",2,"頭文字 D #420 『超絶GT-R!』"
#"421","2004/04/17 00_00_00",2,"頭文字 D #421 『ドッグファイト』"
#"422","2004/04/17 00_00_00",2,"頭文字 D #422 『ワンハンドステアの魔術』"
#"423","2004/04/17 00_00_00",2,"頭文字 D #423 『エンドレスバトル』"
#"424","2004/04/17 00_00_00",2,"頭文字 D #424 『終わらない挑戦』"
#"501","2012/11/09 00_00_00",1,"頭文字 D #501 『運命の出会い』"
#"502","2012/11/09 00_00_00",1,"頭文字 D #502 『新たなる戦場』"
#"901","2001/05/07 00_00_00",2,"頭文字 D Extra Stage インパクトブルーの彼方に"
#"902","2001/05/07 00_00_00",2,"頭文字 D Extra Stage 2 旅立ちのグリーン"

